well_id,rows,tvt_min,tvt_max,gr_mean,gr_std
000d7d20,5278,11236.02,11756.12,94.43696140864859,18.627492583895215
00bbac68,7559,11406.63,12240.01,88.2551063050085,17.15743080130987
00e12e8b,6384,10606.18,11616.64,53.64242097598476,33.32140975882782
015fe0d2,5950,11747.26,12271.53,87.95722645593742,19.981056397814772
01869cd4,6850,11358.27,11767.75,86.9647526193267,20.827718774026184
01982c1d,5587,9927.92,10700.87,54.90613414052341,21.308534123593013
028d7b28,7761,11874.64,12437.08,54.052147230996866,20.26073618703031
02e7fe5a,6888,11356.13,12199.39,72.67285068383458,14.280408000979634
0390d174,6101,10114.85,10639.09,37.154960243973576,17.780883117977062
03a935ae,4430,12192.18,12837.98,87.37994979468664,18.062486504787827
044af7d1,6067,11313.18,11870.04,106.62011260841247,22.899522987543687
0498acab,6432,10650.9,11416.25,84.00343293204492,14.128515787208855
052d64df,4590,10522.89,11456.35,86.40260651810192,19.955017101700705
05948241,5428,10026.56,10841.42,82.33881685180816,19.40703959734467
059c8f24,7998,9556.52,10326.13,80.18145126593544,14.654418318954844
05a0ee4d,6098,11142.98,11929.08,101.0385944153001,21.16449983791452
060ab2b8,7818,10009.16,10970.71,84.49726166594928,15.01666630562586
06df5958,5039,10768.09,11343.09,77.59830360996145,15.39086625755864
071d7b45,4720,10128.63,10553.96,80.95587566061508,13.979114784038275
0849b4e2,7436,11050.65,11951.15,67.72704055962289,16.308447412998667
084d66f9,5632,10128.06,11028.1,74.55811337121682,18.936819287794496
08fecf00,7405,11229.55,12155.05,65.2465091638396,14.801035727508049
09053135,7715,10676.97,11486.67,78.62940786325447,19.2386092858231
09441b8d,7395,10351.68,11219.51,84.28635888707251,17.411652464932562
0955cd6c,7125,11438.21,12190.06,85.94274636343026,19.327863412731414
09ec2ca9,7824,10243.31,11059.02,113.8289974211726,19.935894407910045
0a57a29c,7194,10681.71,11210.09,81.71112351462098,14.685997435670343
0bbf5e67,6031,10180.13,10972.06,80.8986383238165,13.369714827877083
0be01c24,6385,10548.98,11322.65,77.24597430884938,14.461960097030932
0c1b160c,6714,10592.33,11180.9,109.44847543703627,19.22165048397823
0d99f8e4,7522,10649.92,11203.73,83.85728595454522,14.731084930508082
0dc5e64d,6191,10348.58,10915.05,71.32631137390689,31.945513266032712
0dc835f3,5279,10437.3,10694.58,47.66623552349785,21.617483554841296
0dd99dc5,9182,11765.77,12601.48,79.59618616521183,18.27597460506033
0e5e560d,4896,10218.990000000002,11029.34,123.38250251598876,24.43412363296119
109d9d70,5851,11590.81,12250.89,83.34920025917359,14.209435985865158
10a1281a,7353,10431.22,11265.570000000002,88.78719947587972,14.774665353098891
10b89021,7166,11311.08,12161.18,77.6907884128013,13.501841657068537
10be2420,5203,9970.88,10824.63,93.12049724779783,20.0406372672288
113011eb,4561,12163.79,12548.58,87.56766180065802,14.998979736591876
1131525f,5548,10764.52,11313.4,96.75491864689181,17.522709953943522
11d0f5ac,6378,10396.33,10945.1,85.05146332289891,12.314668309193918
12203f2a,4991,11224.52,12032.5,81.52253431062839,20.948557643589325
122bd617,6408,9795.14,10835.84,88.92398474691811,20.00710510047214
125be846,8033,10894.61,11470.87,80.90547026792414,16.473328261758393
1285a37b,7403,11880.83,12760.31,87.72837873973931,13.937413965775441
1295a25b,7037,11216.43,11771.84,84.27918469817953,16.785823078516277
12f0cd90,7431,10854.83,11406.14,91.51872126391679,18.512003010686914
137d1e44,6313,11887.070000000002,12792.81,83.32361401479568,15.560418012808183
13ce113d,4875,10284.0,11195.79,88.95064416193017,17.39778000366647
13f598d9,8934,11871.070000000002,12544.53,86.72034049226129,14.656570972142601
14a53cb3,8780,10384.42,11200.97,126.18386049192516,25.34337919704456
14ab73fb,5279,10652.3,11312.62,96.17692176582155,23.482098419877566
14ad5efb,7352,10850.09,11413.59,91.18465069119513,14.984795810678037
14fee784,6406,10343.29,10897.9,79.32488137291553,18.686416100515302
153552f5,6498,11322.13,12091.11,50.154665492841,24.649314287036457
1550491d,5929,10952.23,11383.94,95.17842972603852,15.515768398028243
155887bb,7062,11318.79,12321.1,93.52793456622777,18.64830830135702
1590af81,5231,10995.25,11457.62,82.08055866685496,18.35396020475191
15e154a1,7699,10222.41,10965.7,91.17826469110601,18.55447661275469
1619e2ca,6002,10777.41,11473.490000000002,82.43851314610694,19.429348035891916
16e4a047,5684,11154.66,12018.4,89.04784342076155,17.368803724736356
173ed841,6530,11972.59,12763.96,87.48973782095835,17.060524456268155
1770d7c6,9121,11784.08,12599.15,78.42534375852969,15.386195867444446
177622d7,4699,11745.83,12296.02,91.01473080051312,18.139693644291953
18d24f7b,6260,10554.77,11213.23,81.80558935324918,15.348827999997749
19137a89,7958,10349.41,11082.56,124.39725085242524,34.66970282185229
1944513c,6599,10433.02,11333.2,78.26458144325807,13.000806482542435
197f8a5a,8248,10045.1,10996.44,110.62121763855086,20.757370394704438
19871e7f,7152,11723.09,12563.17,88.35991745166726,17.124397782092444
198a5607,8094,10330.96,11182.62,113.47181812247695,24.339804500155616
19fb4f7b,7923,11663.9,12789.34,77.72182812609137,14.08805851309057
1a518997,6544,10429.25,11215.37,75.1363827190389,15.402423011186803
1a68190b,6502,11965.5,12823.96,77.84973002063583,16.331901212330028
1a730ac2,6049,10969.14,11417.12,86.17570362492418,18.508157615505006
1aaf1da0,6321,11158.88,11913.53,100.10344102267557,22.062027289710723
1b08ed48,7175,11543.46,12125.36,85.65970689272407,15.358612995534362
1b1c5372,5792,10327.61,10881.58,70.60811395085105,14.198320745977423
1b1eba53,6710,11793.02,12825.070000000002,83.27671658275099,19.499794875415905
1b6ba517,8611,11172.71,12066.7,88.504012246044,16.644898460610165
1b82b665,5364,10126.72,10853.320000000002,71.29599797355243,12.887403241734564
1bcb2fcf,6202,11929.01,12568.8,88.39206082841314,15.908450485744547
1beca81d,6650,10759.05,11377.0,85.78359257108828,18.34456821671498
1d3fbf02,4252,11288.85,11767.08,81.22812394587689,13.481586916357491
1d78281a,6810,11918.4,12805.9,85.78309870260075,19.08535212754976
1e30dedf,5474,10298.16,10655.44,41.17201912434775,14.137884891988422
1e5e3573,7126,11483.7,12237.97,81.01447696782026,16.48606221647052
1f9afacb,7054,11172.070000000002,11958.08,72.19457511920822,16.456570447834615
1fdbba44,6333,12337.28,12816.12,80.47190916358997,18.339885271972733
1fee2b62,6323,11747.1,12524.86,82.64705380079448,16.94564040650002
20096916,6880,11111.23,11917.42,109.66186234013028,22.464045533713143
200d233d,5896,11340.43,12059.31,83.27983794034893,14.4468509154438
201661b5,8136,11048.2,12213.54,78.99431570635429,16.67202225503618
203721ab,7235,10622.67,11209.59,80.29263154065183,13.157387685537048
20402d71,7930,10286.45,10967.51,113.77490905271381,18.94997209318296
2043abc5,8513,10897.61,11452.23,87.00291464211018,16.445181500561247
204cc64b,6454,11787.23,12569.320000000002,60.89501935553864,26.28117259327216
206b6193,8568,10719.490000000002,11472.14,88.20529978400582,16.98974616010293
2075c696,5580,10082.98,11222.56,83.67911921160895,16.37805686315209
22c5f93f,6919,11045.070000000002,11878.490000000002,113.82458575204613,24.236244021550277
230eaaa3,6451,10515.75,11484.240000000002,87.35362269796782,17.95189969512959
2364716c,6093,10204.01,10995.46,90.82178445876444,17.030207976666592
23b9beb0,8790,10893.58,11403.740000000002,80.03822336337225,14.790798237505758
24d8997e,5188,10473.35,11190.25,130.52726394702893,24.85653908479682
25050f63,7155,10252.06,10977.59,117.0880245891858,19.696369809360906
25939962,6071,11448.27,12274.45,89.57270123085114,19.329121120439844
25fd32b3,4546,10672.33,11196.52,129.59707853733173,29.43836760890678
261785ee,5512,10336.13,11320.17,58.65426524650125,21.433415022018533
264feceb,7408,10435.77,11209.35,82.3359671021726,13.123466841486673
26623a50,7479,10575.12,11387.02,97.56107221450735,18.901662179310144
26d3a96a,6465,11871.68,12647.26,71.74814851872438,19.26530701835449
272abef3,5682,10855.88,11455.98,97.26257219818383,20.79643027092272
27300fd5,7386,11794.58,12587.45,52.14230049680206,24.64788226373665
276b012a,6291,11965.77,12454.93,62.12627409277828,29.067907789473047
27c3155b,6941,11737.42,12757.37,72.18560108178809,19.485928669025984
27ebb9b9,7651,11120.89,11955.02,69.36140971071441,19.4329126648578
283269ac,4567,10534.55,11452.75,82.09755828996887,22.12046047990345
28473855,6620,9864.490000000002,10998.22,91.46771966685037,19.189483934621297
28f4eda9,6824,10544.87,10953.31,107.22711296408528,19.083573795402025
29b24409,7417,10464.39,11221.92,81.53741638505156,14.396875432713374
29de15c8,5164,11348.15,11992.54,81.26854083899379,14.748631030541752
2ab29395,3325,11853.56,12216.21,92.25647323329602,18.667921942062257
2ac7cb6b,6451,10349.29,10899.91,84.67017348196548,17.307847551421336
2acc78d4,6109,11085.6,11890.83,110.43809275667991,23.35111324354176
2b034622,6761,9467.05,10072.18,85.40875358369324,15.296485471452431
2b06ad65,5706,11448.94,11960.62,68.15142672159804,10.54613628577446
2b547943,5131,11478.63,12226.18,91.87128878271328,17.611860118152695
2be5c96a,5753,11192.78,11808.570000000002,82.30594846391918,21.746965228221466
2bff06cf,9174,10160.0,11048.66,76.28794226904584,14.463158605924038
2c0c4a4e,6719,10211.19,10981.41,105.04572503361085,22.98583997037581
2cee0cba,7335,10463.67,11246.740000000002,87.44390793290647,13.650590143480317
2d0c268a,6289,10541.83,11335.92,75.2077884959471,16.999366117896408
2d179ded,9225,9719.41,10715.19,80.03268348374255,15.292092077139099
2d196986,8316,10426.18,11209.96,125.21183425010364,22.496371502354496
2d2d0c6b,6967,10404.27,11199.26,122.09267269120187,21.896068930426363
2d35f86d,6628,11191.34,11893.88,113.75528461102084,21.522548561722086
2d9f6cb9,8627,12200.01,12540.86,86.07296375770372,12.067718062887398
2ddad940,6812,11108.76,11713.52,88.92436304309896,18.723503478655463
2e29e833,7254,11343.75,12159.46,66.37960460490778,12.177942091732936
2e43c2ea,7349,10445.94,11203.31,124.31777666880883,25.22324146870429
2e63d9de,6505,11743.54,12554.21,96.48251866946396,19.01361805180822
2ee0235b,7256,10454.83,11193.43,83.41008749320983,15.730072843144388
2f19d536,4744,11732.93,12282.29,89.52145106737957,15.316568454327866
2f8e53c3,4133,11409.78,11956.2,68.95112772675627,15.251235287752342
2fa01aa6,3860,11948.71,12736.570000000002,87.18399236875935,19.549720102701656
2fd68f7b,6381,10078.54,10885.76,71.4103273116862,15.50770943328746
2fe023be,6060,10566.3,11461.96,84.57805867639662,17.654027734854342
30d75030,5009,10310.21,10893.27,89.16318217541223,21.237269372129916
310c71a5,6988,10401.06,11202.23,82.09799906904715,13.070015516524636
32fe84c9,8163,11430.93,12133.01,89.86380854876923,16.248264679900274
33c40295,5989,10616.48,11417.740000000002,92.89932622785474,19.67203788656824
3407f5bf,5309,10393.87,11025.52,76.29872110834118,15.747983264469827
3417285d,7458,11137.85,12210.62,69.05702461154847,13.585368489952995
347242c8,5437,11252.85,12047.18,78.21725430439074,13.63259557787369
353e5502,7901,10353.06,11201.09,109.08483091416365,19.42034330488596
357c12f9,5770,9808.64,10797.95,76.29047191272349,15.605519644146087
3584a6eb,6150,11463.46,12224.01,94.11005712219229,20.22258750765517
35b30c7f,11270,10354.33,11005.45,88.67843858665866,15.711442710330173
35b3ef6a,5736,10145.51,10799.36,83.0488529285585,14.064704782338898
367456ce,7312,10171.46,10893.35,94.49422182859507,18.524378293499865
368131f9,6568,11387.7,11914.56,110.65639491934132,21.459309556766005
368fe682,6416,10753.59,11304.63,91.46629470376685,17.44159688989405
3690a146,5761,10396.56,11209.41,81.85788759372215,18.20537793836271
37344c2a,6943,10311.97,11052.94,75.09303746178759,11.649318533809447
373ef48b,4992,10628.490000000002,11194.17,78.01615460738383,16.990364477950923
374be387,11802,9880.94,10721.320000000002,75.9112191871482,11.813492662435872
37d36812,6017,11502.47,12243.55,88.51123412812382,17.133292635660535
38991fd4,6545,10392.78,11221.52,79.40905551437189,16.39345984098607
389ae58f,8201,10898.46,11775.87,87.22197098589952,16.514949904659215
3932faa6,7388,11084.64,12058.92,85.95246133956535,24.901883528688025
398dce4b,5005,10004.59,10834.02,87.6488910271191,22.650527703002172
39b51819,6382,10266.91,10991.990000000002,91.57647943895039,22.345217797743942
3a0af893,4580,11716.0,12216.83,78.97969214746394,15.868202296151798
3a223519,6581,11877.58,12822.85,72.63971051264792,18.082599891934766
3a7dd95d,4320,11452.31,11901.73,83.801766174667,15.885973010626158
3a824aa7,5678,11671.45,12214.67,96.56967867342115,20.607779452454068
3a86fe8d,6572,10905.0,11487.2,83.89093452044087,17.70110346958817
3aaa2b30,6396,10333.81,10915.86,86.97018404018218,16.814258403039403
3ac16ad0,7412,10184.63,10985.26,113.0119453477263,21.006273232623897
3b21ea64,9103,11704.75,12439.7,49.61106884433647,21.395956301087143
3bbe1f5d,8184,10457.75,11210.68,83.10427332231737,17.03348026653202
3bfee975,5088,11697.41,12178.58,70.08553616738568,16.66544977049113
3c3dbcbc,6911,11051.240000000002,11877.65,110.30729747269254,25.21505619999821
3d96d897,7147,10635.15,11207.28,83.62086179377003,11.217794853551478
3df4b19e,6658,10634.740000000002,11388.27,97.90510274940968,18.82810448337283
3e011332,4842,10352.31,11463.240000000002,91.13856464713042,16.717254970905106
3e678ea7,8737,11854.46,12551.13,84.649854100445,13.441913586968559
3ef6372a,6666,10548.11,11425.18,93.29621177894421,18.78162388314872
3ef98781,5343,11493.91,11969.85,67.19514149513941,9.057370293097158
3f603129,6599,10462.52,11018.37,116.63889182977758,22.533908597662425
404c4384,2612,10083.09,10819.35,92.15457656385276,17.85996027381008
4121c517,5471,10078.56,10968.04,103.7644109647295,27.38518672474047
41fb0192,4381,12136.78,12601.66,69.98987590163642,10.918944041207913
42669188,6080,10807.0,11624.16,56.43870519462323,25.321439496081037
42c538a1,4762,10836.87,11318.81,91.37909467651502,20.86837767060529
43b06c70,6590,11120.93,11919.85,102.62081940047676,25.31269675279423
43c7f85a,7484,10419.02,10978.5,115.36371794179195,18.04215154410887
43e16325,5845,9949.65,11036.23,77.5172756961658,17.41894889319052
44441e54,5568,11550.85,11976.91,62.36992610733459,14.243652882683428
445af6c2,7998,10310.51,11225.990000000002,78.68755920983409,12.095456812585937
4463446c,4729,10125.76,10542.53,87.01937500741556,15.836403244351828
44a94013,6492,10422.66,10953.08,81.82775079842627,13.669866816806667
45fb3e21,5626,10516.240000000002,11477.1,81.96170123012593,18.729065189029118
460f859e,4982,10560.39,11244.820000000002,124.74882852563881,25.390706538977543
4630ab92,5307,11064.4,12027.45,91.89064558468375,22.064372479618314
463c38f2,6048,10730.92,11195.45,86.92739100443045,17.30697028187174
4654e7de,7010,10620.98,11234.02,80.0778606543213,11.032886905085256
466fc788,7767,11141.52,12024.490000000002,94.54696909024248,18.84316131539226
46a301e9,9962,10257.71,10974.4,65.77659576904423,28.648967650469782
46a7190b,5646,11973.95,12517.06,90.43164469498907,15.7709408850041
46d24a09,6123,12162.28,12779.66,82.45765406601674,16.586393250132268
46d41ff6,9226,11682.29,12078.86,95.10705896431669,15.132736761434135
46dfcfca,4921,12030.06,12526.15,88.92466219742353,18.450824302141115
47222616,5835,11775.81,12224.91,89.35935047317275,17.353328865041668
47ee27ab,8274,10512.36,11383.6,64.71709203332723,16.180460462946453
481de5fc,7694,11278.79,12074.04,82.55558826187048,18.201006357026273
48c1f673,4666,9975.04,10881.91,70.80717055618814,14.167440224107088
4936af16,5559,10294.1,10873.35,87.20340503728946,18.943013628323744
493b5b31,6884,11672.990000000002,12720.46,59.40128278671878,31.964546660432045
49dbc14c,5198,10727.95,11208.09,116.61318500326182,20.844798155081726
4a035ec2,4522,11795.22,12615.11,76.26458011231833,12.287009347117497
4a335117,6727,10144.21,11237.240000000002,117.47266041648948,23.949101862028463
4a8ecc0b,7374,11016.75,11889.01,111.5484167844514,21.11245988833018
4b462989,4738,10285.43,10982.94,75.56335324716096,12.851134603960027
4b831d20,9433,11380.6,12565.66,86.58730180326174,15.6637039572741
4c2208f5,7248,11914.89,12722.77,67.34534486210853,17.86702757374706
4c3168cf,5959,11335.04,12010.69,90.55257425194124,19.33839671864985
4c3df468,6903,10466.61,10978.56,110.41914442479424,18.891236273236075
4caa7289,6854,10692.01,11208.25,80.50327688441858,16.072558357431166
4cd1ac61,6709,10886.34,11876.44,114.58673846889415,30.061792817293192
4cecf7b3,7676,11504.09,12068.56,82.57591368401624,15.15968647635498
4ddde4c1,6417,10042.84,10967.34,111.03242354632849,22.525793122274372
4e050c92,5236,11504.78,12051.3,89.6337371005358,14.600114294620692
4ed93db6,6496,10496.88,11384.63,99.42210258790284,16.32078162833364
4f3eb9e9,5911,11140.42,11404.12,91.11292572109757,15.088629728171147
4f4ac5ce,6899,10556.01,11211.33,89.85299772434941,15.567494530815884
4f4afcc6,7184,10617.93,11198.09,80.80942950506453,11.822663245770253
4f69febf,7599,9828.42,10963.63,118.09166715319304,21.25497747206294
4fbe9c06,7938,10473.18,11213.45,80.73689469111947,13.304946353939288
504c8b08,8012,10386.37,11225.47,121.81314250047001,25.340475151290217
511e1db0,5645,10488.73,11203.89,96.55655377757033,18.492546473741882
512943b2,6681,10607.19,11365.15,101.43665112375106,23.569556436774082
5138a660,4829,11635.18,12067.51,79.65116899159204,17.759157407632404
516088b7,8300,10736.7,11478.56,80.38824154175737,15.867698700499203
521a7819,7224,10335.77,11229.79,80.34871960275304,17.10495427040629
5254b6db,5115,11232.21,12052.36,96.63503723327321,19.716088082589586
529e88ca,5253,10155.92,11032.5,120.79882765611914,25.671035821066223
52f1e77a,6053,11530.53,12047.25,76.07012861623376,13.855042338033345
5305524b,6457,10455.29,10975.83,88.59520363099564,18.398259568752483
53134831,7214,11290.4,12212.46,83.37459676349745,18.523654148908676
5397ceb1,6811,10842.46,11433.070000000002,90.11205185168278,18.17001790781498
53f23031,10200,10693.22,11413.39,81.67622587089585,14.8685553699883
543198e8,8311,10152.62,11020.64,76.85930138691282,14.967470515717984
54753541,5679,10269.13,10826.28,82.15130653903324,16.753446568068806
54a7e3c2,7893,10519.92,11176.88,114.09195201471965,21.851384635663198
5542c301,5433,10090.83,10996.4,79.93529776793468,15.94300197402896
5567d551,8390,10881.86,11429.83,84.3807992340287,13.32707090236275
55efee7f,6577,10403.5,11245.03,78.93767045900259,21.051271639193693
5663b2b7,6907,11130.5,12071.36,83.43750553269786,20.1051238066315
5693dde2,4846,11757.19,12251.38,77.33219656807482,13.616440136494054
56b00794,7293,10585.55,11032.27,74.55472792308178,12.172473753029017
57796579,7622,10342.23,11214.97,80.62424030549187,11.396629916307631
577eec7c,6085,9425.83,10094.35,79.97473246746486,15.168154548719807
57f05c51,6478,11799.51,12727.97,61.70944795692505,25.708230691339047
58850d2c,6918,11727.36,12537.14,105.1785195642434,18.57311155958392
58fa8486,6126,11268.94,12058.92,88.08415936540325,17.943089741812454
591cc951,6669,10344.490000000002,11220.12,79.56689804935398,15.013025028195432
593876b6,6366,10840.83,11385.9,96.23996529770378,15.291675184865351
59f8b2e8,5668,10800.33,11521.1,72.7224202131369,14.966681978742283
5a1a8fd8,6814,11349.13,12027.14,87.77424776790792,18.140848531858907
5a5269a9,8053,10838.75,11416.28,88.48654108872529,13.365687320521214
5a5d1982,5446,10509.58,11213.88,77.41372795402084,15.028800013568997
5a63b5d1,8052,10757.03,11513.25,79.40665604819422,13.978679144789528
5aa03df7,6752,10385.42,11358.92,91.02767132637152,16.04658021756599
5aa403d0,4702,10307.01,10991.01,75.27747184619035,15.379086737300986
5aef5c6c,4853,10553.83,11335.21,86.60343591460862,17.40719669890807
5b7b6324,8197,12026.58,12555.81,80.69876379573024,13.90286267474272
5bd25f59,6120,9836.96,10805.7,70.43671628660961,16.996958850109202
5beded95,4779,10654.67,11412.89,84.33494521082685,19.808105080539406
5cb483ac,5206,11524.570000000002,12010.59,91.2472406565446,16.43288012078045
5cdd8dbc,5751,10484.9,11226.44,124.44705679520342,27.460048835002272
5d11dfb5,7643,11395.990000000002,12241.4,90.75909415808543,17.937609838655472
5d7198fd,4797,11984.38,12248.28,81.0612016440597,13.977326117120462
5def1ce5,7997,10621.05,11200.01,79.470807435272,11.310375721199273
5eae34a8,6652,10182.15,10911.08,84.1045357310821,15.051711003160495
5f4d2a52,7112,10070.48,10959.12,91.94730959651064,28.20688354415839
5f6756c5,8064,11252.23,12238.22,87.8824568666737,16.358565554380807
5f75f796,7324,11912.48,12791.35,77.44064798339109,14.613826733748901
5fb1c15f,4857,10209.59,11035.320000000002,82.7363662323627,18.21049529029435
5fffa282,6223,10528.54,11438.39,89.29823992661389,22.613681960339864
60e37807,4641,10502.29,11465.15,87.08743077138412,18.26546714949306
61f27424,8341,11031.88,12151.05,73.10880039233676,15.832679351245227
62569ae3,5242,11282.65,11957.06,66.14062586855525,16.037307606320468
62a6f539,5253,10549.13,11204.73,121.23129150287299,28.170139780730715
633774dc,7972,10388.67,11184.86,112.00780046570515,23.65430644714934
63559d57,5810,11481.820000000002,12149.61,63.088363263568375,15.614173109048489
647f2a41,5836,11021.570000000002,11901.86,100.99713605259467,19.27046131024034
65156b96,5046,10227.04,11056.320000000002,71.91277822524418,12.18908437945744
653612bc,5946,11535.66,11965.28,60.821997483590735,8.310508488477765
656a067b,4896,10165.1,11041.2,118.49144441656846,24.690933778943506
65a5466a,6117,10328.45,10871.77,70.00209558165156,13.461190055057314
660d9546,6140,11566.15,12012.79,83.05290611409787,14.38297662507731
6767c111,8354,10354.84,11079.820000000002,114.69279705840711,26.311054402386812
67847288,9174,11768.42,12542.05,84.71658080298967,14.645238001966899
67a8da4a,6645,11941.87,12692.63,90.43378529712932,14.990354040337351
684a6fc1,11449,10222.76,10967.05,92.04476746772352,18.594980519056293
698930d1,6498,10188.19,11059.85,120.8276686258948,22.783186363904207
699ea575,5474,11536.42,12010.77,87.01441811934559,16.39775872351378
69c1bdad,4645,10679.47,11435.45,84.26378484835256,19.700318275478036
69e41fa6,7167,11563.78,12055.75,70.06186431818404,13.091813536907642
6a0ff78e,7890,10701.34,11231.58,82.34373541489947,11.879189899121146
6a8fa194,4657,11311.15,12004.7,96.53844499368874,17.23179954352082
6ae68655,5948,11387.98,12133.59,67.64828575907161,11.232656742633745
6d1d74e1,7316,10528.14,10978.17,115.70196705712786,19.660662476621788
6d590e26,7842,10579.070000000002,11395.89,93.94849967965925,19.61483968582762
6d6d93af,5305,10941.95,11542.75,78.65680780984299,18.1814294769218
6dbe4b60,6673,10619.070000000002,11413.19,89.9446842226008,14.668522927893733
6e6d122c,7083,11729.03,12285.7,82.61465494559913,14.179976441574906
6e9ccd38,9619,10372.05,10714.42,81.8101252951723,15.68082580016466
6ea22614,7894,9943.52,10877.59,88.73063055176641,18.573300614668867
6ede926a,6621,10540.38,11220.31,83.03588117610005,14.722780800108007
708caea9,8482,10130.12,11064.740000000002,116.57722359245605,24.27854618061394
70925e23,8072,11723.79,12710.42,90.42252841421798,18.243313727580535
70e1788b,11338,9729.56,10687.4,77.88152823906734,15.469248129522894
71642c7d,6657,11842.8,12846.06,80.54279835169898,15.63352381155458
71ccf778,4623,11110.77,11989.7,88.20717077707019,16.00544099744011
7224331b,7566,11644.240000000002,12182.2,93.6121847038625,17.14001385246785
722cf0d8,7275,9929.03,10954.29,112.0444263389022,22.05325107590386
7256229b,6972,10155.56,10911.490000000002,87.33826940465732,16.687617327522936
726f3dc2,8619,10594.28,11446.19,86.4287100385626,19.206640990021057
7271dd80,5765,10108.45,11000.93,95.43566358204056,17.739656378235033
727a3a10,6342,11911.73,12763.92,89.02099666567071,17.591830228671267
729665c0,5775,11293.51,11873.51,106.79635254741247,21.541313052667196
729e9750,7427,10401.990000000002,10975.55,111.39336875012188,19.649302909613727
729f4217,7592,10745.91,11224.85,84.40012631227937,15.626394871016132
72dd8501,6928,11250.13,12026.64,90.63901309733649,19.204549326192776
73348914,5686,12396.4,12762.13,84.70065142728056,13.571330706733875
739a914f,7319,10480.320000000002,11392.97,99.25640705090295,23.734517391437354
73b1447d,7522,11412.63,12321.54,88.54929087800686,21.41316303584948
74b6186b,5148,9994.59,10811.6,94.2552093010598,19.398828814344654
75c20ec7,7205,11359.35,12238.48,91.58450359427978,18.338715640542283
75cd5f11,6410,10625.05,11224.55,82.12173251514993,12.847689167954103
75d20a82,7002,11065.12,12071.73,85.31164833918399,20.75661858295192
76201745,5858,10179.65,10630.38,40.82816513029984,20.776331061896414
764072a5,4594,10470.22,11190.4,81.9993480852801,15.42787797077501
77b0d905,5923,11478.3,12225.55,90.16059434045326,16.046078725904522
77e4821c,6540,10687.02,11224.14,120.4563976706453,25.00736381312084
7850c72e,7712,11817.75,12893.89,96.94227087196218,19.56997037172735
78a4a386,6246,11221.54,11380.47,64.14562031819649,10.587912020033862
79507629,7320,11516.81,12560.5,84.44993147638515,14.04312314829115
796dbd4c,8069,9995.66,10907.17,88.18501461967988,17.819911180059428
7987f2f2,5714,11340.93,12235.41,82.41143837236709,16.89583011677235
7993a768,7047,11439.17,12172.3,69.48035682424812,11.413382517869367
7a5660b0,6936,11839.68,12735.01,75.78263577481037,10.488121884380885
7acda2df,4552,10739.79,11210.77,116.99784061105443,21.937881627515022
7b2c7b3c,4231,10882.28,11429.41,91.65382693422966,15.996574822812542
7b38844c,5197,11554.68,12054.47,84.92401074168714,13.486622691777756
7bb17b96,5295,11548.43,12040.35,90.80665434758795,17.462603044432193
7c607683,7001,10348.44,11226.97,82.27589334363131,15.983393923358227
7cbbd047,6790,11277.63,12036.96,90.89398336466178,18.719137855533983
7cd4bb31,7959,10673.67,11206.92,78.79843739551876,13.25596111861643
7d50373e,6494,10690.63,11226.8,81.03230984339791,14.07625690914895
7d57c75d,6147,10083.46,10832.71,76.11496576202249,29.825973344649228
7e208414,5732,11526.62,12034.5,91.21153493767763,14.053611861899133
7e721392,8301,10567.14,11516.37,77.3724219045783,16.596810076360626
7ff89f8f,9539,9631.19,10709.4,84.69276495112838,16.526314450748774
8050c789,4940,11448.16,12295.98,85.55047606639106,16.659303188985454
807f0298,5499,10413.4,11061.4,118.24801293206902,23.46196681444969
811f52b3,6674,10349.39,11228.17,83.9842182576103,12.293669942666526
81bf5923,6386,11957.64,12788.35,92.26817134542799,18.010193546916497
81fc01c6,7655,9969.61,10834.36,91.22676064488564,14.971272769976183
8255c867,5338,10267.36,11193.2,124.63785992406798,23.35610835000717
82aab6d2,7889,11383.03,12173.55,77.79139688941544,16.688967023341345
82fcf37c,7397,10498.93,10968.62,111.24172115056115,17.95192435292382
833af382,5377,10404.69,11176.0,125.60993032657775,26.47096268950409
8382f4b6,6680,10900.71,11427.89,93.39690078676209,20.458597375168626
84633df4,6719,10026.76,10883.27,89.4541164491406,19.7159742147185
8478df29,6698,10096.72,10928.93,88.60878578072138,20.125819950637787
84815d5a,5286,11061.2,11976.68,70.69323485144825,19.170604477097818
84c3b497,6887,10984.68,11564.05,68.63839485300578,23.473665519299868
85380836,8175,10580.45,11218.02,84.4155134133316,15.155910318805962
8612b37f,6807,11245.64,11919.36,110.29133443264664,19.70642021837586
861e71df,6284,10495.53,11398.37,103.6546549764199,25.007948644833174
86454a6f,9100,12057.48,12274.63,81.95957813595669,15.312852807035087
8648abae,6086,11095.58,12028.46,91.07909749896248,17.93092464527475
865033f8,5303,10414.46,11202.15,126.58461596437584,26.691239962708444
87695469,8654,9267.54,10109.36,74.02699705431937,14.655194580132703
877ed19c,5631,10578.88,11367.01,93.6351612528405,17.667344391084065
87aa3730,7293,10624.09,11224.7,79.15175001170213,13.89717797827722
884ecb5f,8054,10636.75,11213.88,81.86517619666296,11.902653939776078
8902c3f6,6533,10203.31,10784.39,83.56500648939884,16.766702656000707
896d15b9,5698,11475.54,11990.84,81.58249934102363,22.672177114762015
8995c945,8198,10274.87,11016.75,120.23452635031897,17.06421512005405
89969c7a,6317,10014.97,10922.1,87.84975044178036,17.216960372463962
89f1085d,7497,12440.71,12823.52,89.70647322920871,16.041853894730007
89f36adf,7041,11446.98,12242.12,82.70632549805586,16.95493460205156
89fdb2f2,3570,11417.56,11956.73,71.2133097160339,16.493956945839177
8a3da6d1,6334,11190.25,12020.75,86.61818793554885,30.95462040267568
8a89da23,5575,10562.97,11232.81,82.54327229893374,14.305886420607786
8a9c8932,6344,10773.47,11287.01,85.83171949126164,13.750016875364924
8ac2f237,6775,10821.26,11370.320000000002,94.10250182110113,16.574620972168727
8b12bab6,6980,10990.06,11885.23,111.354537315621,22.258231392181443
8b5be31b,7439,10014.08,10856.1,85.58411889547634,17.343314551152726
8b95d6d1,2783,10271.92,10780.38,84.24322597379114,18.523457383572723
8b9d8326,7832,11565.53,12255.22,93.60891740092205,19.42577016172262
8bb9c1e6,6382,10410.240000000002,11187.68,84.46401618863769,14.282250953231465
8bda1a11,7438,10403.95,10988.76,112.83844420881428,20.102475648067458
8bfa881d,5843,11432.56,12235.0,87.0663669030447,18.919482636946626
8c167025,7113,10066.55,10791.33,80.57098617086677,17.01569163030327
8c8348e8,5581,11832.05,12451.21,72.43588107653292,16.233213297780836
8cc21f01,5806,10920.820000000002,11762.95,87.6222989104016,19.52844619846515
8cc800b3,8091,10297.13,10911.96,90.71161830866394,14.153456569063641
8d5d46d7,7282,10576.84,11234.43,78.90042607091898,11.697351241772033
8d92cb49,4839,10980.53,11435.38,91.483575862432,17.19656133560162
8f201368,8151,10428.75,11213.42,80.84948401379249,15.288350012327394
90386ee4,5304,10668.2,11205.8,79.08437199801686,17.951307366674715
91abc4c7,7787,10072.240000000002,10972.27,87.7663358539992,16.793878665779413
91b301ce,8512,10398.56,11050.06,73.57391460400636,14.680115112450517
91db7070,5646,11409.990000000002,12091.570000000002,91.70972435447818,18.46849790035919
925a7cd1,6501,11298.59,12096.44,49.258595350229065,24.098276626197265
9283ae69,5118,10213.67,10991.7,76.20270362516575,13.67316379381425
9298ad5b,5807,10404.11,11178.05,117.24704767400753,24.66162516055833
9314ff13,4494,11386.88,11999.37,92.29549639013865,15.59928335034505
93209a3d,6300,11292.53,11890.23,112.91853215518111,21.562819619580814
939d9c34,6627,10864.490000000002,11891.93,107.27056809133654,21.34395574670704
93f5d2e6,5171,10515.2,11038.240000000002,68.72614342921823,14.172056996818828
940a48d9,5627,10090.53,10924.01,84.1191815705674,17.10062309722007
940e709a,4989,10347.04,11045.44,74.53415288837037,15.720685743889982
9426ec1e,3923,11547.34,12019.06,86.5241266818313,16.297866383454195
94467f50,5116,9713.31,10778.070000000002,88.3269731458786,21.053553955551322
944f36b9,6035,10355.97,10861.01,64.21012808363342,12.280352714925272
94d813a4,6591,11922.76,12740.58,95.5331718450696,16.85972511099688
95b559e7,4638,11180.13,11969.070000000002,68.09139648242513,17.573625831899257
95c8427f,8051,10401.13,11218.61,123.85772852054963,24.307277389613656
96936c22,4997,11387.37,12097.61,52.273691386065664,25.470416019932266
96ae5806,11527,11339.42,12125.4,80.22132354891114,15.206132661339032
96b7eea1,6078,10319.75,11142.61,123.94066389070957,27.08773052184258
9719aa04,6665,10157.78,10972.06,104.0182365137325,17.7298508612878
974802e7,7537,9454.19,10126.28,82.65704409084249,15.247553587152034
97cd5bf9,5099,10088.84,10840.71,84.66381491915075,18.80179433990353
98177ced,6789,11703.43,12686.490000000002,59.626859417696174,26.92872227527833
9896fc0b,5109,10383.34,10986.89,74.08768769747924,16.088123853508495
98bc6f66,7720,10215.64,10973.23,109.14052204280468,17.955175229834587
992c99e8,6740,10562.42,11394.47,97.07030166716986,19.56801664549023
992ce078,4661,11185.47,12006.43,89.29997869964559,15.164595450404523
99529c45,7591,10370.73,11162.56,90.16781530094974,14.183170411615892
995ff498,6127,10570.18,11224.21,83.70448321620123,14.393071659901757
999daf80,5439,10466.18,11153.73,122.25582783072852,23.70767327442024
9a6b0392,5802,10010.61,10630.23,40.97503858982997,20.998244464167534
9a8ae0d6,7835,11355.97,11964.27,63.22056059320097,13.167536368565473
9a95e33f,8156,10613.2,11506.64,83.38799953380209,20.96279033305235
9ab94eeb,6372,10143.36,10991.87,80.50479067198843,14.02922715711107
9ad5410a,5749,11431.34,11922.0,112.43013348444413,20.68338465418077
9ae248be,6655,12348.87,12772.08,81.32255449464394,16.91515208207757
9af1ffd0,5454,9987.34,10816.44,91.71990690115008,16.336493383577317
9b5b61c1,7215,10360.52,11147.09,119.72476362426494,20.879934640354627
9b9e3b49,6875,11088.92,11922.4,101.26531627554914,18.241865134627993
9bd2bba3,9092,11706.71,12546.64,83.80511415026422,12.073977786071797
9c211c53,8842,9462.08,10092.69,81.33862594329653,15.37114901297511
9c350a6a,7794,10589.48,11429.29,86.91066963382005,19.058186679458736
9c8375f7,5432,10337.45,11209.46,118.14622646208278,24.00673018531801
9d072e4c,6798,11464.27,12031.55,92.2089028107252,20.482141145053177
9d3ec64c,4937,10089.5,10817.2,92.50529723137699,19.715467768644885
9d4272e3,5771,11763.2,12527.12,81.0360876920611,14.109022249427216
9d5e14d4,6565,10236.03,10964.68,92.42823292900111,14.952798489133242
9da441ba,7283,10902.89,11377.97,96.2561642061867,16.728133679444205
9dede370,8057,11364.37,12239.490000000002,90.22406270769801,17.47072536136802
9def2eb2,7750,10725.68,11450.35,82.38120081483342,14.376278304056083
9df1b1f9,6444,11130.28,12019.86,91.9009856260232,17.471236229712904
9dfff011,6067,10494.89,11425.740000000002,90.87429651259623,15.265962881299975
9e3e364d,5809,10892.48,11412.27,87.92761900711129,12.545376692572958
9efc812e,6100,10614.97,11188.44,85.96592077429051,17.587523203024322
9f0c7bae,4040,12444.08,12803.68,77.2734589173488,12.963322780600206
9ffce529,6675,11465.3,12062.28,88.14300839335544,22.027494918519842
a0383629,7687,10484.11,11202.21,80.40557270368296,11.726837044555948
a056d01e,8292,10982.63,11748.39,87.89070016956869,16.1128636666264
a08d9e63,5199,10407.4,11025.96,75.5719830716368,18.09546962837832
a0b83014,6873,10460.94,11422.73,86.36572883299773,15.77135863525037
a0e92ed6,6446,11561.63,11966.64,63.73939314612657,12.168443304462466
a15bc102,5124,10082.0,10954.02,90.51360559856259,20.25661817079306
a247e7cf,7237,10374.23,10981.51,113.09621210387242,17.56112044148957
a2e8e7f6,5812,10271.78,10794.84,82.0764723249973,16.28698524169869
a3518960,6992,11054.62,12157.93,63.162501585252535,15.293796790615096
a3f71395,7040,12223.17,12789.45,76.98269010933525,15.472895450813487
a4719920,7495,10885.18,11453.070000000002,85.13078105043496,14.755505491280282
a48640d9,6586,11718.31,12537.15,88.87649614970766,15.25524766968844
a4cdbb0f,6759,10427.84,10985.85,110.28475924424177,16.361926460439687
a4f989c2,7024,10572.9,11172.06,118.75588769308919,22.37644453450553
a5aa7973,6449,10128.56,10966.38,109.02240341312725,22.989013419338608
a5e6f7dc,7331,10702.26,11406.63,90.54698602508347,16.661576451902814
a612d5a0,7160,10418.89,11173.11,117.87290882400899,22.385385036617333
a622ce4d,8047,10791.14,11422.72,89.00640805649786,14.220550929573447
a645da9a,6766,11265.93,12040.38,98.57868996414899,23.153344430619548
a692b17e,5409,10341.820000000002,11201.46,80.71085057453642,15.793978709219198
a6b8ac67,7017,12040.55,12773.51,81.1075078902008,16.905513076342796
a6ed2eff,7054,10471.67,11335.85,77.39880516858764,17.552582070992056
a6f967fb,7032,11508.97,12685.43,91.92140404653941,24.085436870046898
a76db406,6451,9935.17,10788.36,84.23665439042776,16.97495011925145
a7744f5b,6017,10541.81,11225.91,83.04071881334379,14.402895685722363
a783cc24,3275,10310.89,10778.33,78.7926424840134,16.06572629999056
a79fd2e7,6327,11112.9,11976.59,66.07341785829826,17.29733251895503
a7fc3e6b,6378,10238.88,10980.9,96.01656035999459,20.379879660014996
a85bb86f,5100,10244.93,11161.09,116.50064986127352,24.102866441689258
a85e4bc3,5993,9545.96,10093.820000000002,84.49359172783673,14.55433688331266
a87433c9,7460,11066.45,11907.0,71.90592188456037,12.668899118760274
a8ed028a,7310,12061.12,12859.44,82.54640004716259,17.615123926351217
a959858c,5770,10968.21,12224.91,81.54656745902432,17.40972994177848
a9c9b150,5826,10329.26,11162.18,113.69390445341904,22.343974014269175
aa95015b,5761,10745.820000000002,11366.19,94.06671358116215,17.457171895724816
aaaf3c03,4728,11219.3,12020.37,93.46663135344961,17.723271531197895
aaeffccb,4586,11325.46,12219.37,92.00979784550297,21.805980601353145
ab112491,7178,11287.43,12319.27,97.347392537567,15.880288963525201
ab18d3fc,7337,11549.25,12292.990000000002,84.05126895804732,15.77223626391541
ab3ced07,6008,11455.27,12250.08,92.20491249050436,17.79788002629042
ab6fe95d,7424,9245.19,10083.17,84.94594891191424,16.05398103197811
ab94878e,7652,10366.15,11189.6,90.24426200610786,14.942037763926901
abf460d2,4763,11510.05,12109.27,58.82287299270337,23.32260109490425
ac6f01d5,6729,11722.96,12532.52,89.66734497221633,17.40533427403296
ad2133a8,7187,11366.0,12076.59,85.29402861374042,15.64122430812773
add9c322,5519,10234.44,10888.42,87.47282790029607,18.60548917889898
ae069086,6741,10231.08,11214.76,80.98634062142699,18.599186719815236
ae0784a8,9171,11656.21,12091.29,87.67784000799608,18.793199646581378
ae35f33a,6469,11745.65,12687.87,69.6701170909408,14.880779070392329
ae8959c3,6645,9798.98,10903.67,80.49185953768922,25.34860518255278
aed44918,4020,12440.89,12787.23,88.64593458888163,16.03885810900986
aee6393a,7146,10636.68,11016.83,77.235058091621,12.57248320322864
af7a59ce,4330,10856.4,11319.96,92.49454668995703,19.94863342761749
aff4e561,7723,10195.4,10961.72,107.6161433356681,18.845090735059294
b04b58a3,5229,10126.66,10772.84,77.82608739337442,12.992309047035992
b0d42b0d,6357,10592.89,11092.04,85.90595470319454,18.154828117207373
b0f53bf4,4202,11862.35,12224.22,93.78925551651591,18.012491415834806
b19b0395,7196,10688.87,11209.28,82.26828620108537,15.605262824753318
b1efb8a4,7562,11391.35,12032.56,98.52851485090326,18.653276640085675
b32902c0,5737,10075.52,10941.35,88.40981176822991,19.415712150647327
b32e4903,7420,10434.85,11197.66,83.33809916826876,15.541905799602786
b3388334,7807,10642.52,11506.240000000002,87.24849669729149,24.465171875526323
b37fd114,9786,10831.23,11416.78,79.90525117159852,19.139269123262718
b38e3116,7954,11227.96,12032.6,98.29471207514003,19.025759462735543
b4d8dd4f,5909,10426.98,11231.96,130.11677964217142,27.024496474104577
b4f37e6e,4499,10663.17,11213.35,126.51690159255593,27.94877317303125
b56bc0aa,7431,10342.5,11206.47,122.67272747087486,22.13361886292331
b585b4fa,5999,10467.34,11245.8,77.32703506413881,15.656899868576641
b5aa9634,8747,12155.27,12548.03,83.34242923866258,14.529508794611122
b7974e66,7170,11575.98,12128.3,80.75227361629945,16.532950747299036
b7cdcecb,7620,10378.44,10982.1,115.63345788363951,21.68225126464143
b7fea9ef,5575,9994.5,10778.320000000002,89.72143915306522,16.59657515006237
b85f7b06,5453,10808.79,11404.37,88.24656061227053,13.534568034488716
b881d27e,5442,10591.83,11199.55,81.29500973426683,15.374564119380457
b8c49c1a,6254,9839.990000000002,10798.15,79.56811673411266,17.852005835192294
b95e7121,7492,10864.23,11367.3,95.42279016426933,19.92617473714565
b977be4a,7495,10837.04,11422.33,93.39312638412295,19.423880423600025
ba48188d,5534,11778.490000000002,12275.31,89.07358916820954,14.77749967774928
bb2cdd83,5665,10380.17,11223.740000000002,82.05091591858945,12.19290844138367
bb337fa0,8216,10890.14,11461.4,85.14961314092903,15.638299399036606
bb682ebd,5931,10146.72,11052.45,117.8417833492407,22.551824084525915
bc4381e2,6885,11207.21,12147.76,73.682273547944,14.3405008992106
bcebcc5f,7889,10224.240000000002,10966.36,93.02593260983723,19.413229216424394
bd2c2f34,11621,9984.44,10700.52,81.32513433584731,10.656670299618728
bd4ae5da,6905,10966.91,11877.71,113.6658231753085,22.024552926829642
bd6f0e19,6979,10600.15,11361.88,92.92494924086235,14.960995634571194
bd8f847e,6161,12301.8,12813.28,83.64729461069781,16.239151783541054
be063506,6539,10985.62,11887.94,111.11374687489698,22.80355856858455
be35c8f2,5898,11804.33,12555.240000000002,86.4421807811446,18.744657203225305
be83e781,4776,10625.36,11191.51,81.5576640411956,21.4650698380014
beda8696,7868,10148.87,10972.22,112.71095799282386,17.436977199151116
bf39bc20,5047,10549.51,11219.04,123.29129457896967,25.757982851005888
bf70b410,8000,10276.63,10985.17,105.00711354344347,15.063764533221747
bffe3082,7186,11333.81,11922.81,109.91554700743154,21.48125751385005
c03b9305,6067,9961.13,10822.42,75.42852876094786,14.649165501558487
c03d4aed,6375,12081.06,12818.25,80.34759317612728,13.303734122251205
c03fba65,5669,9869.12,10835.7,91.47513684728827,18.33329699404753
c07fd0cd,6035,11720.08,12538.94,60.379889954056694,25.390632480949364
c1708b88,7960,10586.17,11369.17,87.67077602069199,18.639785963460344
c1d046f4,6917,10973.740000000002,11425.92,89.51203980392697,19.422984233303623
c2717d4f,6682,10356.66,11333.78,75.57642983781999,14.39958629047005
c2c4db09,7851,10694.97,11399.570000000002,96.28285847202764,18.878659462123245
c2c6fc71,8840,11340.45,12096.89,49.61451738252056,18.928721784583292
c36625df,6386,11074.88,11875.19,117.55150253171927,23.696119564287642
c3957531,7254,11748.51,12688.490000000002,95.92452817319626,16.142437449816043
c42fe306,7023,10084.7,10990.66,88.27107130833284,13.993603456096766
c43812e2,7293,11344.78,12201.87,96.35001948965257,14.812135460037737
c472c0b5,4867,9903.66,10810.52,68.01843707243096,16.852654883287435
c47e0767,6099,11420.88,12185.23,75.24053336993649,14.979252934604407
c50b42f6,7920,10079.12,10989.52,116.09398295062472,21.084121627558694
c593337f,7118,11455.09,12125.2,88.03504930101411,15.217122715977213
c59b6c4a,7460,10012.35,10945.43,106.14811781162642,19.199770096660888
c66be2b8,6207,10476.47,11383.570000000002,90.0371817757825,21.674233451455986
c6797dd7,6281,11004.15,12048.46,88.58404526520503,15.730510066521052
c6b782a4,6675,10339.06,11232.39,81.01698102551751,17.54535125461743
c6c96179,5813,10290.7,11132.75,67.15667801769821,16.76073856965353
c70c0e01,6057,11840.490000000002,12593.9,82.83996823851939,15.234393583936072
c84c65be,10243,9282.34,10076.05,86.28392934025743,12.305743135029653
c8d9680c,7741,10862.15,11421.05,89.50915780705509,15.708782744096647
c908edd0,6751,10837.06,11360.84,90.59570589335151,13.830809210682474
c9578d27,6202,10556.92,11246.39,80.57151082314321,13.514922406783898
c96c018a,7679,10746.65,11369.58,94.5382910801835,17.366285872004106
c99f9fae,8394,11193.71,12192.5,87.5054285739077,14.646308960210185
c9e6734f,6388,10582.71,11217.990000000002,78.99113644308562,13.90547578297315
c9e980e8,6262,10432.08,11398.9,95.82972783109017,16.021320341293634
c9fedcf3,5210,11380.570000000002,12137.43,84.80200943565667,14.131892671149382
cad13e8f,6866,11700.96,12756.78,71.33131670773955,19.735229976149046
cb34231f,7510,11815.94,12765.5,90.97152571150922,21.74606044078447
cb879f40,7904,10250.77,10843.27,71.87675882270266,15.661529541645596
cbb406b5,8135,10537.64,11424.15,89.04215772494426,14.935162310289979
cbe51de1,5362,11584.12,12220.3,77.84628930408262,14.822854268324981
cbe62450,7858,10234.65,10846.740000000002,70.42325452892072,15.424745979980496
cc08aa63,5018,10484.26,11214.86,121.7722773592581,23.049843525071033
cc8a1d57,8321,11379.22,12061.65,84.81153364403387,19.23701286578437
ccedb12b,6427,11862.27,12688.53,92.13619020952653,18.179901235602443
cd7f1687,5981,10623.62,11451.7,83.41583618800672,17.324456689277767
cda7eb37,7620,11383.06,12080.92,88.26572379110189,18.20997794066826
cdc31d65,6608,11220.92,12107.47,54.10373336443187,23.205335289462326
cdc60a53,7631,10418.97,11218.92,82.85894127112587,15.063480034078138
ce55ba43,5658,10963.73,11458.36,84.07312603617754,16.837027773964202
ce8399b7,3548,10237.27,11204.39,99.29642549113332,22.4485878397353
cf50c9d1,6634,10399.19,11227.05,84.24036425431208,18.246017243869932
d00e7eb9,7321,10170.78,10934.4,94.64591827646447,14.40936597127078
d011f41b,3906,10572.9,11170.97,107.69440094417023,18.552466275226553
d07aed8f,4709,11578.27,12384.86,52.94932871237039,25.32254037936864
d085e611,7852,10220.12,10935.52,87.55834631636168,15.302812768425001
d0a0e7b5,5423,10374.96,10920.61,80.57586212543188,13.809092863876883
d0a43760,5502,10625.23,11188.320000000002,87.23516482649829,18.26557557469763
d0cb63ae,6859,10250.89,11050.01,113.1363284828078,23.570538486966885
d114d9c2,7543,10480.17,10973.67,106.41491199059453,20.837664357327196
d1457cc5,8443,9760.68,10717.3,81.17465225490457,15.489576996919054
d1ecf309,7864,10126.34,11058.88,116.53118805982771,24.940613713450887
d1ee630d,7879,10724.85,11365.06,94.37346882627926,17.17786294505165
d217e0c5,5713,10615.3,11442.47,87.82011869913262,17.995231111690266
d24ff243,7116,10601.13,11216.5,87.83637295286134,15.196008830268942
d273674e,5738,10893.09,11965.76,69.95858354991732,16.765817593126876
d2f3b1ab,7018,10630.570000000002,11189.02,81.90720296086879,13.21403044323227
d3df146b,7252,11598.14,12235.18,88.30781855854796,14.756244557787703
d40f61d5,5880,10422.13,11209.09,81.0480210389029,16.974405403354222
d41beaf2,6592,10417.62,11229.27,75.7894772189017,13.90792443704411
d463e527,6991,11083.05,12230.01,81.5000257313305,17.494696850435854
d4f60a28,6435,11539.83,12551.97,51.30523691080915,21.155275120259173
d50c649a,6548,11305.86,11929.14,102.9294235239761,19.875389702979746
d543916f,6281,10321.18,10898.54,91.70296773146724,17.416389109599578
d5df0ff5,5490,11630.3,12063.98,74.67088026581835,9.267152616244857
d60430e6,4176,10516.27,11216.25,87.42978963642491,19.932017670843464
d63196fe,5881,11455.92,12062.3,89.65361163482366,15.263259946378852
d6c320d9,6946,10626.13,11185.34,80.48683028732752,11.381946023145364
d6dd7330,7660,11380.05,11969.83,63.82259632612227,10.745858320739428
d7ba4f9d,7771,11941.06,12612.52,66.39272268148332,13.276323689404867
d7eb0be8,7208,11953.16,12783.73,87.59890157452325,19.016596242556027
d84b621b,5746,10433.4,11230.64,81.90027239344279,15.9891747368026
d90aa14c,12141,10112.570000000002,10940.84,86.69443920424423,13.2468784718256
d924e971,5308,11040.19,12098.320000000002,88.80439442869266,21.655072041687166
d9ae59b2,5150,10382.31,11043.23,116.05141566327922,20.801910159854245
d9d6d94d,6660,12043.47,12641.33,65.46767511180308,16.766952449676733
d9eca87b,7932,10254.4,10985.69,111.32991005593495,18.108957611474974
da2d4d7c,3567,11814.72,12258.75,87.36121043385621,16.65573114125113
da3bfe4e,7107,10448.2,10999.81,113.6202741057343,19.39825001718719
da3cf798,7591,9982.37,10805.17,76.9207205749221,13.791924384812715
da940160,6792,10510.13,11387.11,99.49796392636085,21.03485184333298
dafc88c3,7187,10714.14,11208.6,83.07067476340224,11.692984427960463
dbee6c86,9114,11739.36,12602.23,77.97544911825904,10.31597434052246
dc5fbe29,6555,11281.4,12053.0,92.36045365697012,19.910736819322043
dc7da28f,6672,10085.86,10975.41,86.09330957308902,16.072882508845375
dc7f9757,6203,10210.05,11063.1,116.23103754640276,23.351471439062752
dd168de0,5095,10280.1,11018.59,86.67102719670946,15.289408337354388
dd64382d,5058,9989.51,10838.59,85.50790700844695,17.608270995590548
dd6bc5b2,5764,10047.17,11165.740000000002,110.48381103807588,30.638106255519222
dd7d638e,6046,10426.44,11207.78,120.49297360212387,28.94813315591392
ddc790ff,6468,10425.67,11319.83,75.49276110732083,15.759787323324444
df71d1ff,7879,10288.63,10970.05,111.84009604734149,18.869903516923696
df73b8f3,7150,11782.7,12561.23,84.24788230602468,18.27043737543441
df8290be,5675,10510.58,11244.16,80.01340777807891,15.302678336910606
e0079ed1,5257,10357.98,10975.36,92.93063591158213,16.414492808656014
e03b45fd,7083,12017.27,12841.61,82.8807865556399,17.303585386314467
e0f36d98,6714,10703.91,11374.5,67.80010790781233,17.039320763131975
e149204f,7549,10453.29,10973.08,109.81973990657471,18.686689374848807
e14d641e,4978,10447.4,11235.73,78.14994677135984,14.142638465457248
e161bd0c,4813,11258.43,12230.09,88.49325569731106,20.03101316239805
e201fd6d,6912,11716.740000000002,12528.21,95.89895953332652,18.07969651064539
e25f1537,5018,9981.72,10795.95,82.40025392178613,16.162085821184387
e2fc7745,5343,11190.56,12014.37,81.996137538675,15.085410505568008
e32da4ec,6148,11512.7,12014.63,80.11806142554332,17.23726744092727
e3b34f5b,7293,10326.79,10976.320000000002,96.05244598576357,16.14204123017436
e45a2a62,6697,10561.070000000002,11252.27,79.34220419772312,14.611466755649017
e46f4ef4,8930,11747.76,12498.21,94.3532181475899,16.472402457873127
e4726608,6268,11393.41,11968.320000000002,67.35951309341378,14.90468218725902
e5864244,6037,11998.03,12778.64,82.45149793704317,19.793459942862725
e5c92e59,5927,11536.52,12215.23,82.98311615737538,16.154664244267323
e5ff9fd2,4198,10874.65,11781.41,85.1610653490693,20.278525933769448
e6c55748,5959,10595.66,11229.03,76.79066758331408,16.031476836469935
e730c32b,6469,10456.67,11384.41,93.87213377636307,18.369355595913873
e737965a,7694,10279.76,10949.65,83.5471979418739,14.10768757184673
e748dd88,6264,11471.01,12035.17,90.9280631273977,13.95118507955939
e7818f7a,6829,10374.46,11032.0,114.7887446518954,22.600789664520565
e7c36e81,5655,10248.37,11200.44,127.40255810099836,28.68941301070952
e7d0c1de,6455,10556.51,11321.740000000002,77.40221199006177,13.841291762400967
e85074c5,7236,10402.52,11009.33,75.83821388398417,15.67060429170534
e97032ad,5654,10237.15,11207.56,118.89155740191063,25.221587415301695
e9949a23,6407,11157.21,12074.51,92.59318868653304,20.515933680445
ea0b99b7,10939,11851.88,12542.96,86.23286609594223,13.385473971093843
ea3a0e38,11794,10236.11,10981.35,92.87655281027735,15.385269101114387
ea41324e,6839,10671.1,11363.98,96.9933666946101,20.560201020140113
eabc711b,7314,10956.5,11884.21,109.72336971020835,22.450525105835617
eac10e86,7501,10400.1,10954.61,109.49571366656001,13.660440040003811
eafb863e,5317,10429.52,11226.06,123.28082767935162,20.382267301997228
eb06a4e7,6379,10478.61,11384.41,97.19591179271345,18.23295133428801
eb640a35,7782,10136.04,10884.14,86.70931188830438,19.18320430962116
eb934281,7812,11136.03,11955.36,52.716902596056045,18.106004354495674
eba6605e,5719,10542.23,11306.92,93.19743127584994,21.675695079131938
ebe69318,6718,10294.6,11187.39,82.22287126950208,17.631958466189364
ec0d597b,6452,10100.76,10971.97,82.63289337080715,14.87703607018397
ec13af42,7362,11391.240000000002,12235.6,90.67431514224042,19.30788656693301
ecdab904,8176,11232.98,12200.23,69.0963378358611,13.01885828608911
ecdaf714,8240,10301.070000000002,11040.14,76.84576503793554,11.264886327242117
ed6436d6,5027,11262.92,12234.36,97.14514889687345,21.29327150244918
ed6e6e54,7385,11554.64,11980.11,63.1157824099889,11.267216426214834
edf885a3,4863,11492.490000000002,12301.04,90.69223532780114,19.22239297589117
ee0300f7,6161,11687.09,12565.05,87.65683109347903,19.155363756830997
ee288beb,6190,10411.87,11066.17,118.58589449717415,24.34398203346263
ee4aecac,6596,11326.52,11766.89,83.88273330728939,14.018562906439305
eeda36f5,6198,12367.58,12845.96,90.12075476954489,18.138797471008694
eeed308d,5503,10520.17,11207.76,85.13802559817363,16.765497512553896
ef04658e,5664,9970.94,10804.51,74.40569368669897,14.987149528113903
ef8e3ed0,6637,11625.59,12130.58,90.07950942866022,14.187111250886677
efde6ac3,6220,10221.56,10922.18,88.08513388847847,15.78275262316381
efe96181,5464,9900.02,10804.63,81.46106160606743,20.812753590690104
f0188a48,6139,10574.37,11418.03,88.87313526023105,20.078757493180394
f021b650,5610,11231.84,12135.47,79.08285091410474,22.258681129702396
f03f10fe,5823,10596.12,11233.62,77.51385778831633,14.78167520122713
f053a1b9,5952,11469.13,12278.75,88.3659079621577,13.948706934652948
f074d277,3868,11450.22,12031.84,88.69035349139693,14.953114646618243
f07d7037,7688,11174.85,12140.65,86.71257430695465,13.690913350199189
f08774c3,5645,11203.490000000002,12060.63,93.97130797360364,21.569009710332292
f140c2fa,6024,11152.570000000002,12058.79,93.61987559762758,17.254125818587255
f16e25e3,6585,10113.76,10891.77,89.22613286214661,16.86321602038393
f2d4c8c9,7908,10357.03,10938.16,108.81984615423852,19.85050024358563
f321a31c,6555,12080.16,12560.58,85.55091738533794,15.154828748576188
f40cd091,6776,11338.92,11910.93,109.66120392005371,22.923492813633064
f439a621,4695,10313.92,11033.87,75.10228973808208,15.016738035556273
f49fdea3,7027,11348.39,12118.25,78.91355282770617,14.50091947342746
f4d12d23,5448,10369.71,11224.51,121.30465137837501,23.56948800090237
f56d3ace,7383,10462.3,11326.98,77.74867185184607,15.737465255589465
f5859199,7438,11466.7,12268.19,90.21329923586592,16.283330716106022
f5d8aab6,6576,10071.84,11050.320000000002,119.41760248079747,20.924276633243664
f631da6e,5604,10578.87,11173.93,109.846573923586,21.020524779490156
f6824bb0,6864,10310.14,11228.14,82.13568334424592,16.51450384960561
f6bc699b,5501,10243.69,11006.070000000002,87.86413306093856,18.861481179764468
f6d009f4,8003,10009.81,11086.25,123.8931193942618,30.81376006365262
f72b268f,7918,10412.54,11062.23,115.9282422109308,16.24334608459893
f8662c22,6957,11178.31,11731.6,89.82888607681033,16.056322543430326
f88ddb26,6585,11433.48,12199.36,73.69884092331772,12.739668343854033
f8afa78a,7367,10493.19,10993.69,107.03906597404202,19.20009245624572
f8f59188,6740,10361.84,11323.98,76.9598436341999,18.251767743345198
f9fc81aa,7113,10621.86,11197.97,79.78238294988824,12.751203689318682
fa16d114,6928,10639.63,10963.16,107.54186867588311,18.67746954434133
fa31da94,6681,11428.36,12208.56,84.81640080443984,17.875182247703282
fa667be2,8798,12080.09,12590.26,80.35138518312277,12.341287096224466
fae0c593,6147,10069.95,10889.490000000002,98.59658878507761,20.6588824608161
fb03ae90,8129,10671.570000000002,11504.09,76.85263884760215,15.014654760781372
fb0904bd,5087,10146.03,10972.18,91.44125983900979,21.047081200180237
fb3848a1,7859,10037.93,10954.240000000002,86.27974013362895,16.39333459627626
fb73b13a,7465,10033.16,10818.09,72.72038989740481,35.09080956543159
fba7683c,2058,10978.94,11862.92,99.9529288508918,24.975337573640903
fbd68d27,8552,10585.03,11234.63,80.96803342335953,16.195385948761082
fc03f21f,6202,11010.43,11893.320000000002,106.25461495467043,23.899134302708603
fc0d20b2,5308,10374.95,10799.1,75.89040130026112,14.2802363111012
fcfcc902,4665,10623.89,11440.36,88.80875515549371,16.449858742457078
fd3b4faa,6956,10463.490000000002,11355.28,89.87726600439616,18.36793653424953
fd710aea,5960,11426.95,12175.87,74.41049402155143,15.333079786246966
fd8f77fa,6756,10523.54,11421.98,90.71983378259509,16.008983507891934
fde20ecf,6386,11188.12,12047.7,78.21520243953503,15.282757019056339
fdfd57da,7364,10384.08,11375.43,99.51145049591456,22.417313829908096
febb4411,6275,11695.84,12615.16,68.30794719540458,19.91113007772941
fef8af96,5068,10499.9,11043.2,76.66535896367867,14.888583167940165
ff0aea78,4976,10974.36,11760.08,90.4376560554064,18.964803718939482
ff8bb73a,7670,10378.28,11227.820000000002,79.46040518420527,12.79682071852129
ffefef30,6421,11987.96,12772.06,78.08661632331561,18.12730027299348
